Workbook

Sheet Paramètres
A1: Exercice de prévision : région Sud-Est, T4 2026
A2: Épisode 7. Fond jaune = hypothèses modifiables.
A4: Objectif de la région (EUR) | B4: 1600000
A5: Date de référence | B5: Lundi 16/11/2026
A6: Source | B6: Jeu de données fictif ARCHIFRIDAYS (onglet 10_Opportunites_T4)
A8: Commercial | B8: Objectif T4 (EUR)
A9: Sophie Leroy | B9: 700000
A10: Julien Bernard | B10: 600000
A11: Karim Haddad | B11: 300000
A12: Contrôle : somme des objectifs = objectif région | B12: =IF(SUM(B9:B11)=B4,"OK","Écart") -> OK

Sheet Pipeline
A1: Pipeline Sud-Est T4 2026
A2: Colonnes jaunes : vos propositions (catégorie ajustée, retenu dans l'atterrissage, commentaire).
A3: Opportunité | B3: Client potentiel | C3: Responsable | D3: Étape | E3: Montant estimé (EUR) | F3: Probabilité | G3: Montant pondéré (EUR) | H3: Catégorie de prévision | I3: Clôture estimée | J3: Catégorie ajustée (proposition) | K3: Retenu dans l'atterrissage (Oui/Non) | L3: Commentaire | M3: Catégorie finale (calculée)
A4: Entrepôt Logisud, distribution d'énergie | B4: Électricité Rhône Services | C4: Karim Haddad | D4: Gagnée | E4: 140000 | F4: 1 | G4: =E4*F4 -> 140000 | H4: Gagné | I4: 14/10/2026 | M4: =IF(J4="",H4,J4) -> Gagné
A5: Hôtel Belvédère, domotique | B5: Alpes Élec | C5: Karim Haddad | D5: Gagnée | E5: 62000 | F5: 1 | G5: =E5*F5 -> 62000 | H5: Gagné | I5: 22/10/2026 | M5: =IF(J5="",H5,J5) -> Gagné
A6: Parking Confluence, 40 bornes | B6: VoltPark Exploitation | C6: Julien Bernard | D6: Conclure | E6: 125000 | F6: 0.9 | G6: =E6*F6 -> 112500 | H6: Validé | I6: 05/11/2026 | M6: =IF(J6="",H6,J6) -> Validé
A7: Centre commercial Les Arcades, maintenance 3 ans | B7: Foncière Arcades | C7: Julien Bernard | D7: Conclure | E7: 76000 | F7: 0.8 | G7: =E7*F7 -> 60800 | H7: Validé | I7: 15/11/2026 | M7: =IF(J7="",H7,J7) -> Validé
A8: Accord cadre bornes 2027 | B8: Groupe Distelec | C8: Julien Bernard | D8: Conclure | E8: 410000 | F8: 0.8 | G8: =E8*F8 -> 328000 | H8: Validé | I8: 30/11/2026 | M8: =IF(J8="",H8,J8) -> Validé
A9: Ville de Sainte-Aurore, bornes de voirie | B9: Ville de Sainte-Aurore | C9: Sophie Leroy | D9: Proposer | E9: 88000 | F9: 0.6 | G9: =E9*F9 -> 52800 | H9: Meilleur cas | I9: 28/11/2026 | M9: =IF(J9="",H9,J9) -> Meilleur cas
A10: Lycée Ampère, GTB | B10: Région Rhône-Sud | C10: Sophie Leroy | D10: Proposer | E10: 180000 | F10: 0.5 | G10: =E10*F10 -> 90000 | H10: Meilleur cas | I10: 10/12/2026 | M10: =IF(J10="",H10,J10) -> Meilleur cas
A11: Campus Lumière, lot électricité | B11: Vitalis Immobilier | C11: Sophie Leroy | D11: Proposer | E11: 344000 | F11: 0.6 | G11: =E11*F11 -> 206400 | H11: Meilleur cas | I11: 15/12/2026 | M11: =IF(J11="",H11,J11) -> Meilleur cas
A12: Clinique Saint-Roch, rénovation TGBT | B12: Électricité Rhône Services | C12: Karim Haddad | D12: Développer | E12: 95000 | F12: 0.4 | G12: =E12*F12 -> 38000 | H12: Pipeline | I12: 20/12/2026 | M12: =IF(J12="",H12,J12) -> Pipeline
A13: Résidence Les Tilleuls, 120 logements | B13: Habitat Rhodanien | C13: Sophie Leroy | D13: Qualifier | E13: 210000 | F13: 0.2 | G13: =E13*F13 -> 42000 | H13: Pipeline | I13: 18/12/2026 | M13: =IF(J13="",H13,J13) -> Pipeline
A14: Data center Vénissieux, TGBT | B14: Nexadata | C14: Julien Bernard | D14: Développer | E14: 290000 | F14: 0.3 | G14: =E14*F14 -> 87000 | H14: Pipeline | I14: 22/12/2026 | M14: =IF(J14="",H14,J14) -> Pipeline
A15: Usine Méca-Rhône, stockage d'énergie | B15: Méca-Rhône | C15: Karim Haddad | D15: Développer | E15: 150000 | F15: 0.3 | G15: =E15*F15 -> 45000 | H15: Omis | I15: 31/12/2026 | M15: =IF(J15="",H15,J15) -> Omis
A16: Total | E16: =SUM(E4:E15) -> 2170000 | G16: =SUM(G4:G15) -> 1264500

Sheet Synthèse
A1: Synthèse de la prévision (calculée)
A3: Catégorie | B3: Montant (EUR) | C3: Cumul (EUR) | D3: Couverture de l'objectif | E3: Montant ajusté (EUR)
A4: Gagné | B4: =SUMIFS(Pipeline!$E$4:$E$15,Pipeline!$H$4:$H$15,A4) -> 202000 | C4: =B4 -> 202000 | D4: =C4/Paramètres!$B$4 -> 0.12625 | E4: =SUMIFS(Pipeline!$E$4:$E$15,Pipeline!$M$4:$M$15,A4) -> 202000
A5: Validé | B5: =SUMIFS(Pipeline!$E$4:$E$15,Pipeline!$H$4:$H$15,A5) -> 611000 | C5: =C4+B5 -> 813000 | D5: =C5/Paramètres!$B$4 -> 0.508125 | E5: =SUMIFS(Pipeline!$E$4:$E$15,Pipeline!$M$4:$M$15,A5) -> 611000
A6: Meilleur cas | B6: =SUMIFS(Pipeline!$E$4:$E$15,Pipeline!$H$4:$H$15,A6) -> 612000 | C6: =C5+B6 -> 1425000 | D6: =C6/Paramètres!$B$4 -> 0.890625 | E6: =SUMIFS(Pipeline!$E$4:$E$15,Pipeline!$M$4:$M$15,A6) -> 612000
A7: Pipeline | B7: =SUMIFS(Pipeline!$E$4:$E$15,Pipeline!$H$4:$H$15,A7) -> 595000 | C7: =C6+B7 -> 2020000 | D7: =C7/Paramètres!$B$4 -> 1.2625 | E7: =SUMIFS(Pipeline!$E$4:$E$15,Pipeline!$M$4:$M$15,A7) -> 595000
A8: Omis | B8: =SUMIFS(Pipeline!$E$4:$E$15,Pipeline!$H$4:$H$15,A8) -> 150000 | C8: hors prévision | E8: =SUMIFS(Pipeline!$E$4:$E$15,Pipeline!$M$4:$M$15,A8) -> 150000
A10: Atterrissage proposé (lignes « Oui ») | B10: =SUMIFS(Pipeline!$E$4:$E$15,Pipeline!$K$4:$K$15,"Oui") -> 0
A11: Couverture de l'objectif | B11: =B10/Paramètres!$B$4 -> 0
A12: Écart à l'objectif (EUR) | B12: =B10-Paramètres!$B$4 -> -1600000
A14: Commercial | B14: Objectif (EUR) | C14: Gagné (EUR) | D14: Validé (EUR) | E14: Meilleur cas (EUR) | F14: Couverture gagné + validé
A15: Sophie Leroy | B15: =Paramètres!B9 -> 700000 | C15: =SUMIFS(Pipeline!$E$4:$E$15,Pipeline!$C$4:$C$15,$A15,Pipeline!$H$4:$H$15,"Gagné") -> 0 | D15: =SUMIFS(Pipeline!$E$4:$E$15,Pipeline!$C$4:$C$15,$A15,Pipeline!$H$4:$H$15,"Validé") -> 0 | E15: =SUMIFS(Pipeline!$E$4:$E$15,Pipeline!$C$4:$C$15,$A15,Pipeline!$H$4:$H$15,"Meilleur cas") -> 612000 | F15: =IF(B15=0,0,(C15+D15)/B15) -> 0
A16: Julien Bernard | B16: =Paramètres!B10 -> 600000 | C16: =SUMIFS(Pipeline!$E$4:$E$15,Pipeline!$C$4:$C$15,$A16,Pipeline!$H$4:$H$15,"Gagné") -> 0 | D16: =SUMIFS(Pipeline!$E$4:$E$15,Pipeline!$C$4:$C$15,$A16,Pipeline!$H$4:$H$15,"Validé") -> 611000 | E16: =SUMIFS(Pipeline!$E$4:$E$15,Pipeline!$C$4:$C$15,$A16,Pipeline!$H$4:$H$15,"Meilleur cas") -> 0 | F16: =IF(B16=0,0,(C16+D16)/B16) -> 1.0183333
A17: Karim Haddad | B17: =Paramètres!B11 -> 300000 | C17: =SUMIFS(Pipeline!$E$4:$E$15,Pipeline!$C$4:$C$15,$A17,Pipeline!$H$4:$H$15,"Gagné") -> 202000 | D17: =SUMIFS(Pipeline!$E$4:$E$15,Pipeline!$C$4:$C$15,$A17,Pipeline!$H$4:$H$15,"Validé") -> 0 | E17: =SUMIFS(Pipeline!$E$4:$E$15,Pipeline!$C$4:$C$15,$A17,Pipeline!$H$4:$H$15,"Meilleur cas") -> 0 | F17: =IF(B17=0,0,(C17+D17)/B17) -> 0.67333333

Sheet KPI à définir
A1: Référentiel KPI de la direction commerciale
A2: Fond jaune = à compléter en atelier. La ligne 4 est un exemple.
A3: N° | B3: Indicateur | C3: Définition | D3: Formule de calcul | E3: Source dans Dynamics 365 | F3: Fréquence | G3: Destinataire | H3: Propriétaire de la donnée | I3: Natif ou Power BI
A4: 1 | B4: Exemple : couverture de l'objectif | C4: Part de l'objectif couverte par le gagné et le validé | D4: (Gagné + Validé) / Objectif | E4: Prévision native, objectifs | F4: Hebdomadaire | G4: Directrice commerciale | H4: Commerciaux (catégorie, montant, date) | I4: Natif
A5: 2
A6: 3
A7: 4
A8: 5
A9: 6
A10: 7
A11: 8
