Workbook

Sheet Parameters
A1: Forecast exercise: South-East region, Q4 2026
A2: Episode 7. Yellow background = editable assumptions.
A4: Region target (EUR) | B4: 1600000
A5: Reference date | B5: Monday 16/11/2026
A6: Source | B6: Fictitious ARCHIFRIDAYS dataset (sheet 10_Opportunities_Q4)
A8: Salesperson | B8: Q4 target (EUR)
A9: Sophie Leroy | B9: 700000
A10: Julien Bernard | B10: 600000
A11: Karim Haddad | B11: 300000
A12: Check: sum of targets = region target | B12: =IF(SUM(B9:B11)=B4,"OK","Gap") -> OK

Sheet Pipeline
A1: South-East pipeline Q4 2026
A2: Yellow columns: your proposals (adjusted category, kept in the landing, comment).
A3: Opportunity | B3: Potential customer | C3: Owner | D3: Stage | E3: Est. revenue (EUR) | F3: Probability | G3: Weighted amount (EUR) | H3: Forecast category | I3: Est. close date | J3: Adjusted category (proposal) | K3: Kept in the landing (Yes/No) | L3: Comment | M3: Final category (calculated)
A4: Entrepôt Logisud, power distribution | B4: Électricité Rhône Services | C4: Karim Haddad | D4: Won | E4: 140000 | F4: 1 | G4: =E4*F4 -> 140000 | H4: Won | I4: 14/10/2026 | M4: =IF(J4="",H4,J4) -> Won
A5: Hôtel Belvédère, home automation | B5: Alpes Élec | C5: Karim Haddad | D5: Won | E5: 62000 | F5: 1 | G5: =E5*F5 -> 62000 | H5: Won | I5: 22/10/2026 | M5: =IF(J5="",H5,J5) -> Won
A6: Parking Confluence, 40 charging stations | B6: VoltPark Exploitation | C6: Julien Bernard | D6: Close | E6: 125000 | F6: 0.9 | G6: =E6*F6 -> 112500 | H6: Committed | I6: 05/11/2026 | M6: =IF(J6="",H6,J6) -> Committed
A7: Centre commercial Les Arcades, 3-year maintenance | B7: Foncière Arcades | C7: Julien Bernard | D7: Close | E7: 76000 | F7: 0.8 | G7: =E7*F7 -> 60800 | H7: Committed | I7: 15/11/2026 | M7: =IF(J7="",H7,J7) -> Committed
A8: Charging station framework agreement 2027 | B8: Groupe Distelec | C8: Julien Bernard | D8: Close | E8: 410000 | F8: 0.8 | G8: =E8*F8 -> 328000 | H8: Committed | I8: 30/11/2026 | M8: =IF(J8="",H8,J8) -> Committed
A9: Ville de Sainte-Aurore, street charging stations | B9: Ville de Sainte-Aurore | C9: Sophie Leroy | D9: Propose | E9: 88000 | F9: 0.6 | G9: =E9*F9 -> 52800 | H9: Best case | I9: 28/11/2026 | M9: =IF(J9="",H9,J9) -> Best case
A10: Lycée Ampère, building management system | B10: Région Rhône-Sud | C10: Sophie Leroy | D10: Propose | E10: 180000 | F10: 0.5 | G10: =E10*F10 -> 90000 | H10: Best case | I10: 10/12/2026 | M10: =IF(J10="",H10,J10) -> Best case
A11: Campus Lumière, electrical package | B11: Vitalis Immobilier | C11: Sophie Leroy | D11: Propose | E11: 344000 | F11: 0.6 | G11: =E11*F11 -> 206400 | H11: Best case | I11: 15/12/2026 | M11: =IF(J11="",H11,J11) -> Best case
A12: Clinique Saint-Roch, main LV switchboard renovation | B12: Électricité Rhône Services | C12: Karim Haddad | D12: Develop | E12: 95000 | F12: 0.4 | G12: =E12*F12 -> 38000 | H12: Pipeline | I12: 20/12/2026 | M12: =IF(J12="",H12,J12) -> Pipeline
A13: Résidence Les Tilleuls, 120 homes | B13: Habitat Rhodanien | C13: Sophie Leroy | D13: Qualify | E13: 210000 | F13: 0.2 | G13: =E13*F13 -> 42000 | H13: Pipeline | I13: 18/12/2026 | M13: =IF(J13="",H13,J13) -> Pipeline
A14: Data center Vénissieux, main LV switchboard | B14: Nexadata | C14: Julien Bernard | D14: Develop | E14: 290000 | F14: 0.3 | G14: =E14*F14 -> 87000 | H14: Pipeline | I14: 22/12/2026 | M14: =IF(J14="",H14,J14) -> Pipeline
A15: Usine Méca-Rhône, energy storage | B15: Méca-Rhône | C15: Karim Haddad | D15: Develop | E15: 150000 | F15: 0.3 | G15: =E15*F15 -> 45000 | H15: Omitted | I15: 31/12/2026 | M15: =IF(J15="",H15,J15) -> Omitted
A16: Total | E16: =SUM(E4:E15) -> 2170000 | G16: =SUM(G4:G15) -> 1264500

Sheet Summary
A1: Forecast summary (calculated)
A3: Category | B3: Amount (EUR) | C3: Cumulative (EUR) | D3: Target coverage | E3: Adjusted amount (EUR)
A4: Won | B4: =SUMIFS(Pipeline!$E$4:$E$15,Pipeline!$H$4:$H$15,A4) -> 202000 | C4: =B4 -> 202000 | D4: =C4/Parameters!$B$4 -> 0.12625 | E4: =SUMIFS(Pipeline!$E$4:$E$15,Pipeline!$M$4:$M$15,A4) -> 202000
A5: Committed | B5: =SUMIFS(Pipeline!$E$4:$E$15,Pipeline!$H$4:$H$15,A5) -> 611000 | C5: =C4+B5 -> 813000 | D5: =C5/Parameters!$B$4 -> 0.508125 | E5: =SUMIFS(Pipeline!$E$4:$E$15,Pipeline!$M$4:$M$15,A5) -> 611000
A6: Best case | B6: =SUMIFS(Pipeline!$E$4:$E$15,Pipeline!$H$4:$H$15,A6) -> 612000 | C6: =C5+B6 -> 1425000 | D6: =C6/Parameters!$B$4 -> 0.890625 | E6: =SUMIFS(Pipeline!$E$4:$E$15,Pipeline!$M$4:$M$15,A6) -> 612000
A7: Pipeline | B7: =SUMIFS(Pipeline!$E$4:$E$15,Pipeline!$H$4:$H$15,A7) -> 595000 | C7: =C6+B7 -> 2020000 | D7: =C7/Parameters!$B$4 -> 1.2625 | E7: =SUMIFS(Pipeline!$E$4:$E$15,Pipeline!$M$4:$M$15,A7) -> 595000
A8: Omitted | B8: =SUMIFS(Pipeline!$E$4:$E$15,Pipeline!$H$4:$H$15,A8) -> 150000 | C8: excluded from forecast | E8: =SUMIFS(Pipeline!$E$4:$E$15,Pipeline!$M$4:$M$15,A8) -> 150000
A10: Proposed landing ("Yes" rows) | B10: =SUMIFS(Pipeline!$E$4:$E$15,Pipeline!$K$4:$K$15,"Yes") -> 0
A11: Target coverage | B11: =B10/Parameters!$B$4 -> 0
A12: Gap to target (EUR) | B12: =B10-Parameters!$B$4 -> -1600000
A14: Salesperson | B14: Target (EUR) | C14: Won (EUR) | D14: Committed (EUR) | E14: Best case (EUR) | F14: Won + committed coverage
A15: Sophie Leroy | B15: =Parameters!B9 -> 700000 | C15: =SUMIFS(Pipeline!$E$4:$E$15,Pipeline!$C$4:$C$15,$A15,Pipeline!$H$4:$H$15,"Won") -> 0 | D15: =SUMIFS(Pipeline!$E$4:$E$15,Pipeline!$C$4:$C$15,$A15,Pipeline!$H$4:$H$15,"Committed") -> 0 | E15: =SUMIFS(Pipeline!$E$4:$E$15,Pipeline!$C$4:$C$15,$A15,Pipeline!$H$4:$H$15,"Best case") -> 612000 | F15: =IF(B15=0,0,(C15+D15)/B15) -> 0
A16: Julien Bernard | B16: =Parameters!B10 -> 600000 | C16: =SUMIFS(Pipeline!$E$4:$E$15,Pipeline!$C$4:$C$15,$A16,Pipeline!$H$4:$H$15,"Won") -> 0 | D16: =SUMIFS(Pipeline!$E$4:$E$15,Pipeline!$C$4:$C$15,$A16,Pipeline!$H$4:$H$15,"Committed") -> 611000 | E16: =SUMIFS(Pipeline!$E$4:$E$15,Pipeline!$C$4:$C$15,$A16,Pipeline!$H$4:$H$15,"Best case") -> 0 | F16: =IF(B16=0,0,(C16+D16)/B16) -> 1.0183333
A17: Karim Haddad | B17: =Parameters!B11 -> 300000 | C17: =SUMIFS(Pipeline!$E$4:$E$15,Pipeline!$C$4:$C$15,$A17,Pipeline!$H$4:$H$15,"Won") -> 202000 | D17: =SUMIFS(Pipeline!$E$4:$E$15,Pipeline!$C$4:$C$15,$A17,Pipeline!$H$4:$H$15,"Committed") -> 0 | E17: =SUMIFS(Pipeline!$E$4:$E$15,Pipeline!$C$4:$C$15,$A17,Pipeline!$H$4:$H$15,"Best case") -> 0 | F17: =IF(B17=0,0,(C17+D17)/B17) -> 0.67333333

Sheet KPIs to define
A1: Sales management KPI reference
A2: Yellow background = to complete in the workshop. Row 4 is an example.
A3: No. | B3: KPI | C3: Definition | D3: Calculation | E3: Source in Dynamics 365 | F3: Frequency | G3: Audience | H3: Data owner | I3: Native or Power BI
A4: 1 | B4: Example: target coverage | C4: Share of the target covered by won and committed | D4: (Won + Committed) / Target | E4: Native forecasting, goals | F4: Weekly | G4: Sales Director | H4: Salespeople (category, amount, date) | I4: Native
A5: 2
A6: 3
A7: 4
A8: 5
A9: 6
A10: 7
A11: 8
